{"cameraMode":{"drawMode":0,"name":"Shaded","section":"Shading Mode"},"sceneLighting":false,"audioPlay":false,"sceneViewState":{"showFog":true,"showMaterialUpdate":true,"showSkybox":false,"showFlares":true,"showImageEffects":true,"showParticleSystems":true,"showVisualEffectGraphs":true,"m_FxEnabled":true},"in2DMode":false,"pivot":{"x":4.215872764587402,"y":1.5992159843444825,"z":-6.840000152587891},"rotation":{"x":0.34042835235595705,"y":-0.001127160619944334,"z":0.0003780101833399385,"w":0.9401991367340088},"size":3.0538880825042726,"orthographic":false}