{"cameraMode":{"drawMode":0,"name":"Shaded","section":"Shading Mode"},"sceneLighting":false,"audioPlay":false,"sceneViewState":{"showFog":true,"showMaterialUpdate":true,"showSkybox":false,"showFlares":true,"showImageEffects":true,"showParticleSystems":true,"showVisualEffectGraphs":true,"m_FxEnabled":true},"in2DMode":false,"pivot":{"x":-17.047090530395509,"y":71.38784790039063,"z":-52.32097625732422},"rotation":{"x":0.34042835235595705,"y":-0.001127160619944334,"z":0.0003780101833399385,"w":0.9401991367340088},"size":23.264711380004884,"orthographic":false}