{"cameraMode":{"drawMode":0,"name":"Shaded","section":"Shading Mode"},"sceneLighting":true,"audioPlay":false,"sceneViewState":{"showFog":true,"showMaterialUpdate":true,"showSkybox":true,"showFlares":true,"showImageEffects":true,"showParticleSystems":true,"showVisualEffectGraphs":true,"m_FxEnabled":true},"in2DMode":false,"pivot":{"x":-0.47808653116226199,"y":61.86520767211914,"z":-6.005117416381836},"rotation":{"x":0.3149394989013672,"y":0.004576956853270531,"z":-0.001502663129940629,"w":0.9490928649902344},"size":2.6856868267059328,"orthographic":false}