{"cameraMode":{"drawMode":0,"name":"Shaded","section":"Shading Mode"},"sceneLighting":true,"audioPlay":false,"sceneViewState":{"showFog":true,"showMaterialUpdate":true,"showSkybox":true,"showFlares":true,"showImageEffects":true,"showParticleSystems":true,"showVisualEffectGraphs":true,"m_FxEnabled":true},"in2DMode":false,"pivot":{"x":-0.16730859875679017,"y":51.69471740722656,"z":6.312026023864746},"rotation":{"x":-0.31915441155433657,"y":-0.01220706757158041,"z":0.004170296713709831,"w":-0.9475165605545044},"size":12.124356269836426,"orthographic":false}