{"cameraMode":{"drawMode":0,"name":"Shaded","section":"Shading Mode"},"sceneLighting":false,"audioPlay":false,"sceneViewState":{"showFog":true,"showMaterialUpdate":false,"showSkybox":false,"showFlares":true,"showImageEffects":true,"showParticleSystems":true},"in2DMode":false,"pivot":{"x":-0.0005254745483398438,"y":2.5182042121887209,"z":0.05996417999267578},"rotation":{"x":0.14685912430286408,"y":-0.47672224044799807,"z":0.08395624160766602,"w":0.8637499809265137},"size":88.17975616455078,"orthographic":false}