{"cameraMode":{"drawMode":0,"name":"Shaded","section":"Shading Mode"},"sceneLighting":false,"audioPlay":false,"sceneViewState":{"showFog":true,"showMaterialUpdate":false,"showSkybox":false,"showFlares":true,"showImageEffects":true,"showParticleSystems":true},"in2DMode":false,"pivot":{"x":-7.805868148803711,"y":3.8369998931884767,"z":24.847490310668947},"rotation":{"x":0.20365451276302339,"y":0.6032657623291016,"z":-0.17813146114349366,"w":0.75255286693573},"size":4.045069217681885,"orthographic":false}