{"cameraMode":{"drawMode":0,"name":"Shaded","section":"Shading Mode"},"sceneLighting":false,"audioPlay":false,"sceneViewState":{"showFog":true,"showMaterialUpdate":false,"showSkybox":false,"showFlares":true,"showImageEffects":true,"showParticleSystems":true},"in2DMode":false,"pivot":{"x":-1.888390064239502,"y":0.07578728348016739,"z":1.324052095413208},"rotation":{"x":0.17302276194095612,"y":-0.17753468453884126,"z":0.043640632182359698,"w":0.9692230224609375},"size":3.918710708618164,"orthographic":false}